sentence_id,word,word_position,response_time_ms,word_onset_ms,sentence_length,word_frequency,age,sentence_type_Canonical (SVO),sentence_type_Non-Canonical,language_proficiency_advanced,language_proficiency_beginner,language_proficiency_intermediate,complexity_Complex,complexity_Simple
1,Мальчик,4,7668.2,40172.6,3,50,25,True,False,False,True,False,False,True
1,читает,3,3185.2,48148.0,3,70,25,True,False,False,True,False,False,True
1,книгу,2,2234.0,51638.6,3,60,25,True,False,False,True,False,False,True
2,Книгу,2,2092.3,55588.1,3,60,25,False,True,False,True,False,False,True
2,читает,4,2124.7,57985.0,3,70,25,False,True,False,True,False,False,True
2,мальчик,6,2216.4,60413.3,3,50,25,False,True,False,True,False,False,True
3,Читает,5,1810.1,64149.5,3,70,25,False,True,False,True,False,False,True
3,мальчик,4,4192.6,66268.0,3,50,25,False,True,False,True,False,False,True
3,книгу,3,3273.5,70761.6,3,60,25,False,True,False,True,False,False,True
4,Мальчик,1,1433.3,75289.1,3,50,25,False,True,False,True,False,False,True
4,книгу,5,4319.0,77023.8,3,60,25,False,True,False,True,False,False,True
4,читает,2,3235.7,81644.5,3,70,25,False,True,False,True,False,False,True
5,Мальчик,2,1699.0,86570.0,5,50,25,False,True,False,True,False,True,False
5,который,2,3664.1,88570.3,5,80,25,False,True,False,True,False,True,False
5,играет,1,3522.5,92537.3,5,40,25,False,True,False,True,False,True,False
5,видит,4,3620.1,96362.4,5,55,25,False,True,False,True,False,True,False
5,собаку,2,3657.0,100283.6,5,45,25,False,True,False,True,False,True,False
1,Мальчик,3,2834.3,121496.0,3,50,31,True,False,False,False,True,False,True
1,читает,3,2093.6,124635.1,3,70,31,True,False,False,False,True,False,True
1,книгу,4,2007.2,127034.8,3,60,31,True,False,False,False,True,False,True
2,Книгу,1,2165.4,130215.6,3,60,31,False,True,False,False,True,False,True
2,читает,5,2770.3,132684.7,3,70,31,False,True,False,False,True,False,True
2,мальчик,6,1800.6,135759.7,3,50,31,False,True,False,False,True,False,True
3,Читает,3,1745.6,138734.5,3,70,31,False,True,False,False,True,False,True
3,мальчик,6,2516.6,140781.4,3,50,31,False,True,False,False,True,False,True
3,книгу,3,2554.5,143602.2,3,60,31,False,True,False,False,True,False,True
4,Мальчик,3,1364.6,147777.7,3,50,31,False,True,False,False,True,False,True
4,книгу,2,2758.7,149450.7,3,60,31,False,True,False,False,True,False,True
4,читает,5,2688.6,152512.3,3,70,31,False,True,False,False,True,False,True
5,Мальчик,3,1675.4,157384.8,5,50,31,False,True,False,False,True,True,False
5,который,4,2336.0,159367.5,5,80,31,False,True,False,False,True,True,False
5,играет,4,2435.5,162016.7,5,40,31,False,True,False,False,True,True,False
5,видит,5,2300.0,164755.1,5,55,31,False,True,False,False,True,True,False
5,собаку,4,3371.3,167363.3,5,45,31,False,True,False,False,True,True,False
1,Мальчик,5,1045.8,182624.4,3,50,35,True,False,True,False,False,False,True
1,читает,3,1696.9,183980.1,3,70,35,True,False,True,False,False,False,True
1,книгу,7,1765.4,185982.1,3,60,35,True,False,True,False,False,False,True
2,Книгу,2,987.7925,188728.9,3,60,35,False,True,True,False,False,False,True
2,читает,2,1391.6425,189996.7,3,70,35,False,True,True,False,False,False,True
2,мальчик,5,1884.0525,191655.5,3,50,35,False,True,True,False,False,False,True
3,Читает,6,1635.3874999999998,194623.2,3,70,35,False,True,True,False,False,False,True
3,мальчик,5,1763.6149999999998,196525.2,3,50,35,False,True,True,False,False,False,True
3,книгу,1,1653.3249999999998,198548.6,3,60,35,False,True,True,False,False,False,True
4,Мальчик,3,1283.8125,201622.4,3,50,35,False,True,True,False,False,False,True
4,книгу,2,2366.725,203180.5,3,60,35,False,True,True,False,False,False,True
4,читает,5,1821.015,205795.6,3,70,35,False,True,True,False,False,False,True
5,Мальчик,1,1205.7074999999998,208915.7,5,50,35,False,True,True,False,False,True,False
5,который,2,1855.5575,210393.9,5,80,35,False,True,True,False,False,True,False
5,играет,3,2421.05,212515.9,5,40,35,False,True,True,False,False,True,False
5,видит,7,2397.27,215181.7,5,55,35,False,True,True,False,False,True,False
5,собаку,2,2594.3775,217831.6,5,45,35,False,True,True,False,False,True,False
1,Мальчик,3,2888.4,232680.3,3,50,38,True,False,False,True,False,False,True
1,читает,3,2854.7,235871.3,3,70,38,True,False,False,True,False,False,True
1,книгу,4,1857.6,239029.7,3,60,38,True,False,False,True,False,False,True
2,Книгу,4,1961.2,244428.0,3,60,38,False,True,False,True,False,False,True
2,читает,5,3260.7,246692.7,3,70,38,False,True,False,True,False,False,True
2,мальчик,7,2126.7,250262.2,3,50,38,False,True,False,True,False,False,True
3,Читает,5,1928.5,253597.5,3,70,38,False,True,False,True,False,False,True
3,мальчик,4,1477.3,255831.4,3,50,38,False,True,False,True,False,False,True
3,книгу,3,2587.0,257613.8,3,60,38,False,True,False,True,False,False,True
4,Мальчик,2,2763.0,261480.1,3,50,38,False,True,False,True,False,False,True
4,книгу,4,2986.1,264545.2,3,60,38,False,True,False,True,False,False,True
4,читает,1,2787.9,267845.2,3,70,38,False,True,False,True,False,False,True
5,Мальчик,3,1952.6,271796.1,5,50,38,False,True,False,True,False,True,False
5,который,1,2511.5,274049.9,5,80,38,False,True,False,True,False,True,False
5,играет,3,3067.7,276862.1,5,40,38,False,True,False,True,False,True,False
5,видит,2,2999.0,280231.5,5,55,38,False,True,False,True,False,True,False
5,собаку,1,2740.5,283541.6,5,45,38,False,True,False,True,False,True,False
1,Мальчик,7,3848.4,310493.5,3,50,32,True,False,False,False,True,False,True
1,читает,6,3154.9,314643.3,3,70,32,True,False,False,False,True,False,True
1,книгу,1,2721.8,318108.3,3,60,32,True,False,False,False,True,False,True
2,Книгу,4,2871.5,322466.0,3,60,32,False,True,False,False,True,False,True
2,читает,2,2422.0,325642.9,3,70,32,False,True,False,False,True,False,True
2,мальчик,3,2409.4,328375.9,3,50,32,False,True,False,False,True,False,True
3,Читает,5,2686.9,334442.8,3,70,32,False,True,False,False,True,False,True
3,мальчик,5,2187.0,337442.2,3,50,32,False,True,False,False,True,False,True
3,книгу,2,1858.6,339935.6,3,60,32,False,True,False,False,True,False,True
4,Мальчик,5,2454.7,345689.6,3,50,32,False,True,False,False,True,False,True
4,книгу,2,2652.6,348454.8,3,60,32,False,True,False,False,True,False,True
4,читает,6,2545.4,351410.4,3,70,32,False,True,False,False,True,False,True
5,Мальчик,3,1909.8,358391.3,5,50,32,False,True,False,False,True,True,False
5,который,1,2263.6,360607.9,5,80,32,False,True,False,False,True,True,False
5,играет,4,3089.6,363174.0,5,40,32,False,True,False,False,True,True,False
5,видит,2,2260.0,366569.2,5,55,32,False,True,False,False,True,True,False
5,собаку,2,2238.1,369139.4,5,45,32,False,True,False,False,True,True,False
1,Мальчик,2,5368.4,10999.8,3,50,21,True,False,False,True,False,False,True
1,читает,6,3940.3,16672.2,3,70,21,True,False,False,True,False,False,True
1,книгу,6,3007.9,20915.2,3,60,21,True,False,False,True,False,False,True
2,Книгу,4,2321.3,26231.0,3,60,21,False,True,False,True,False,False,True
2,читает,4,3138.1,28862.3,3,70,21,False,True,False,True,False,False,True
2,мальчик,1,2726.0,32313.9,3,50,21,False,True,False,True,False,False,True
3,Читает,4,3791.8,37529.4,3,70,21,False,True,False,True,False,False,True
3,мальчик,2,3902.6,41629.7,3,50,21,False,True,False,True,False,False,True
3,книгу,1,4622.0,45833.0,3,60,21,False,True,False,True,False,False,True
4,Мальчик,2,2520.4,52210.0,3,50,21,False,True,False,True,False,False,True
4,книгу,4,3781.1,55031.7,3,60,21,False,True,False,True,False,False,True
4,читает,3,3085.6,59113.8,3,70,21,False,True,False,True,False,False,True
5,Мальчик,1,2907.5,63779.1,5,50,21,False,True,False,True,False,True,False
5,который,1,4161.9,66995.6,5,80,21,False,True,False,True,False,True,False
5,играет,3,4144.1,71462.2,5,40,21,False,True,False,True,False,True,False
5,видит,1,3285.0,75912.0,5,55,21,False,True,False,True,False,True,False
5,собаку,2,2807.8,79499.2,5,45,21,False,True,False,True,False,True,False
1,Мальчик,6,3052.5,96527.7,3,50,23,True,False,False,True,False,False,True
1,читает,6,5022.0,99881.3,3,70,23,True,False,False,True,False,False,True
1,книгу,2,3289.2,105211.9,3,60,23,True,False,False,True,False,False,True
2,Книгу,5,3333.8,110595.0,3,60,23,False,True,False,True,False,False,True
2,читает,1,2649.9,114230.5,3,70,23,False,True,False,True,False,False,True
2,мальчик,2,2064.0,117194.0,3,50,23,False,True,False,True,False,False,True
3,Читает,3,2120.2,120726.1,3,70,23,False,True,False,True,False,False,True
3,мальчик,2,3260.8,123160.6,3,50,23,False,True,False,True,False,False,True
3,книгу,3,2824.5,126723.6,3,60,23,False,True,False,True,False,False,True
4,Мальчик,4,2445.9,131760.1,3,50,23,False,True,False,True,False,False,True
4,книгу,2,1889.6,134509.6,3,60,23,False,True,False,True,False,False,True
4,читает,2,1858.8,136709.5,3,70,23,False,True,False,True,False,False,True
5,Мальчик,2,1641.5,140509.2,5,50,23,False,True,False,True,False,True,False
5,который,7,2692.8,142451.9,5,80,23,False,True,False,True,False,True,False
5,играет,6,2868.8,145446.6,5,40,23,False,True,False,True,False,True,False
5,видит,2,3122.9,148620.5,5,55,23,False,True,False,True,False,True,False
5,собаку,1,3266.6,152044.7,5,45,23,False,True,False,True,False,True,False
1,Мальчик,1,3940.4,171605.7,3,50,25,True,False,False,True,False,False,True
1,читает,3,2564.9,175850.0,3,70,25,True,False,False,True,False,False,True
1,книгу,1,2657.6,178724.0,3,60,25,True,False,False,True,False,False,True
2,Книгу,3,2342.0,183386.4,3,60,25,False,True,False,True,False,False,True
2,читает,7,1726.1,186039.5,3,70,25,False,True,False,True,False,False,True
2,мальчик,3,3008.5,188073.5,3,50,25,False,True,False,True,False,False,True
3,Читает,4,2213.3,192486.4,3,70,25,False,True,False,True,False,False,True
3,мальчик,2,2118.5,195007.7,3,50,25,False,True,False,True,False,False,True
3,книгу,2,1480.9,197434.2,3,60,25,False,True,False,True,False,False,True
4,Мальчик,2,1896.0,200256.5,3,50,25,False,True,False,True,False,False,True
4,книгу,1,2145.4,202457.5,3,60,25,False,True,False,True,False,False,True
4,читает,7,2096.6,204906.1,3,70,25,False,True,False,True,False,False,True
5,Мальчик,1,1581.0,208350.9,5,50,25,False,True,False,True,False,True,False
5,который,4,2439.8,210239.9,5,80,25,False,True,False,True,False,True,False
5,играет,3,3830.5,212985.9,5,40,25,False,True,False,True,False,True,False
5,видит,5,2669.3,217117.4,5,55,25,False,True,False,True,False,True,False
5,собаку,3,2211.0,220088.9,5,45,25,False,True,False,True,False,True,False
1,Мальчик,2,2303.0,246999.9,3,50,26,True,False,False,True,False,False,True
1,читает,2,3237.2,249603.9,3,70,26,True,False,False,True,False,False,True
1,книгу,6,2951.3,253146.3,3,60,26,True,False,False,True,False,False,True
2,Книгу,7,1568.4,257687.8,3,60,26,False,True,False,True,False,False,True
2,читает,4,2279.9,259570.4,3,70,26,False,True,False,True,False,False,True
2,мальчик,2,2515.9,262154.1,3,50,26,False,True,False,True,False,False,True
3,Читает,6,1772.9,266487.4,3,70,26,False,True,False,True,False,False,True
3,мальчик,3,2821.5,268568.6,3,50,26,False,True,False,True,False,False,True
3,книгу,3,3900.8,271693.8,3,60,26,False,True,False,True,False,False,True
4,Мальчик,2,2088.5,276904.1,3,50,26,False,True,False,True,False,False,True
4,книгу,7,2625.8,279303.1,3,60,26,False,True,False,True,False,False,True
4,читает,2,2570.8,282237.3,3,70,26,False,True,False,True,False,False,True
5,Мальчик,7,2152.7,286821.2,5,50,26,False,True,False,True,False,True,False
5,который,1,2839.6,289285.5,5,80,26,False,True,False,True,False,True,False
5,играет,5,3104.9,292435.7,5,40,26,False,True,False,True,False,True,False
5,видит,4,3597.1,295848.0,5,55,26,False,True,False,True,False,True,False
5,собаку,6,2288.1,299751.9,5,45,26,False,True,False,True,False,True,False
1,Мальчик,2,2760.6,367210.9,3,50,28,True,False,False,False,True,False,True
1,читает,6,2563.4,370278.5,3,70,28,True,False,False,False,True,False,True
1,книгу,1,2643.7,373148.5,3,60,28,True,False,False,False,True,False,True
2,Книгу,1,2641.0,377998.4,3,60,28,False,True,False,False,True,False,True
2,читает,5,2849.0,380942.6,3,70,28,False,True,False,False,True,False,True
2,мальчик,7,2126.4,384098.2,3,50,28,False,True,False,False,True,False,True
3,Читает,1,1744.6,387540.7,3,70,28,False,True,False,False,True,False,True
3,мальчик,3,2724.6,389599.1,3,50,28,False,True,False,False,True,False,True
3,книгу,7,2928.6,392630.8,3,60,28,False,True,False,False,True,False,True
4,Мальчик,1,1156.3,396614.3,3,50,28,False,True,False,False,True,False,True
4,книгу,3,2176.4,398076.6,3,60,28,False,True,False,False,True,False,True
4,читает,4,2492.1,400561.6,3,70,28,False,True,False,False,True,False,True
5,Мальчик,7,1521.2,404330.4,5,50,28,False,True,False,False,True,True,False
5,который,6,2500.0,406157.9,5,80,28,False,True,False,False,True,True,False
5,играет,1,1741.9,408963.3,5,40,28,False,True,False,False,True,True,False
5,видит,5,2771.4,411013.6,5,55,28,False,True,False,False,True,True,False
5,собаку,3,3226.4,414096.4,5,45,28,False,True,False,False,True,True,False
1,Мальчик,1,2821.1,436313.6,3,50,30,True,False,False,False,True,False,True
1,читает,7,3134.7,439445.8,3,70,30,True,False,False,False,True,False,True
1,книгу,3,1563.1,442883.2,3,60,30,True,False,False,False,True,False,True
2,Книгу,1,2373.2,447728.7,3,60,30,False,True,False,False,True,False,True
2,читает,6,2576.7,450404.1,3,70,30,False,True,False,False,True,False,True
2,мальчик,6,2537.3,453292.7,3,50,30,False,True,False,False,True,False,True
3,Читает,1,1524.0,457659.0,3,70,30,False,True,False,False,True,False,True
3,мальчик,6,2221.0,459488.6,3,50,30,False,True,False,False,True,False,True
3,книгу,3,1929.6,462011.1,3,60,30,False,True,False,False,True,False,True
4,Мальчик,3,1788.5,466412.4,3,50,30,False,True,False,False,True,False,True
4,книгу,6,2448.8,468511.2,3,60,30,False,True,False,False,True,False,True
4,читает,1,2376.2,471260.8,3,70,30,False,True,False,False,True,False,True
5,Мальчик,1,2224.1,475894.4,5,50,30,False,True,False,False,True,True,False
5,который,1,2030.3,478420.3,5,80,30,False,True,False,False,True,True,False
5,играет,2,3038.4,480760.6,5,40,30,False,True,False,False,True,True,False
5,видит,6,2473.6,484099.9,5,55,30,False,True,False,False,True,True,False
5,собаку,6,2507.7,486874.2,5,45,30,False,True,False,False,True,True,False
1,Мальчик,1,2462.0,521926.2,3,50,36,True,False,True,False,False,False,True
1,читает,3,3518.4,524692.1,3,70,36,True,False,True,False,False,False,True
1,книгу,1,2837.2,528521.6,3,60,36,True,False,True,False,False,False,True
2,Книгу,1,1308.31,532453.0,3,60,36,False,True,True,False,False,False,True
2,читает,3,1906.705,534037.3,3,70,36,False,True,True,False,False,False,True
2,мальчик,2,2389.89,536204.3,3,50,36,False,True,True,False,False,False,True
3,Читает,2,1735.4274999999998,539508.5,3,70,36,False,True,True,False,False,False,True
3,мальчик,4,2780.005,541509.7,3,50,36,False,True,True,False,False,False,True
3,книгу,5,1730.3024999999998,544522.7,3,60,36,False,True,True,False,False,False,True
4,Мальчик,4,1126.0649999999998,547341.0,3,50,36,False,True,True,False,False,False,True
4,книгу,5,1975.6875,548740.7,3,60,36,False,True,True,False,False,False,True
4,читает,6,2704.36,550973.6,3,70,36,False,True,True,False,False,False,True
5,Мальчик,2,2849.1925,554601.0,5,50,36,False,True,True,False,False,True,False
5,который,2,2537.285,557683.8,5,80,36,False,True,True,False,False,True,False
5,играет,6,1906.6025,560472.9,5,40,36,False,True,True,False,False,True,False
5,видит,1,2490.135,562639.8,5,55,36,False,True,True,False,False,True,False
5,собаку,3,2078.5975,565373.5,5,45,36,False,True,True,False,False,True,False
1,Мальчик,7,1411.6,577790.0,3,50,38,True,False,True,False,False,False,True
1,читает,2,1811.8,579506.2,3,70,38,True,False,True,False,False,False,True
1,книгу,1,2080.2,581622.8,3,60,38,True,False,True,False,False,False,True
2,Книгу,3,1732.2499999999998,584834.7,3,60,38,False,True,True,False,False,False,True
2,читает,1,1724.5624999999998,586828.6,3,70,38,False,True,True,False,False,False,True
2,мальчик,4,1280.9425,588822.6,3,50,38,False,True,True,False,False,False,True
3,Читает,2,1629.7499999999998,591340.5,3,70,38,False,True,True,False,False,False,True
3,мальчик,4,1356.3825,593239.2,3,50,38,False,True,True,False,False,False,True
3,книгу,1,1438.9975,594872.3,3,60,38,False,True,True,False,False,False,True
4,Мальчик,1,1795.3899999999996,597433.7,3,50,38,False,True,True,False,False,False,True
4,книгу,6,1785.4475,599489.0,3,60,38,False,True,True,False,False,False,True
4,читает,1,1462.265,601538.2,3,70,38,False,True,True,False,False,False,True
5,Мальчик,2,1542.6249999999998,605255.0,5,50,38,False,True,True,False,False,True,False
5,который,6,1911.9325,607071.5,5,80,38,False,True,True,False,False,True,False
5,играет,3,1757.0549999999998,609238.7,5,40,38,False,True,True,False,False,True,False
5,видит,1,1905.5775,611254.6,5,55,38,False,True,True,False,False,True,False
5,собаку,1,1050.83,613415.9,5,45,38,False,True,True,False,False,True,False
1,Мальчик,4,1083.2,626451.0,3,50,40,True,False,True,False,False,False,True
1,читает,3,1421.9,627837.8,3,70,40,True,False,True,False,False,False,True
1,книгу,4,1200.3,629570.1,3,60,40,True,False,True,False,False,False,True
2,Книгу,1,1310.7699999999998,632267.5,3,60,40,False,True,True,False,False,False,True
2,читает,2,955.4025,633850.7,3,70,40,False,True,True,False,False,False,True
2,мальчик,1,908.4575,635085.7,3,50,40,False,True,True,False,False,False,True
3,Читает,2,1342.135,637540.9,3,70,40,False,True,True,False,False,False,True
3,мальчик,2,1205.195,639153.5,3,50,40,False,True,True,False,False,False,True
3,книгу,1,1118.07,640637.3,3,60,40,False,True,True,False,False,False,True
4,Мальчик,6,1173.7274999999995,643086.4,3,50,40,False,True,True,False,False,False,True
4,книгу,1,1759.6174999999998,644532.4,3,60,40,False,True,True,False,False,False,True
4,читает,3,1328.7074999999998,646553.2,3,70,40,False,True,True,False,False,False,True
5,Мальчик,2,1383.4425,649473.2,5,50,40,False,True,True,False,False,True,False
5,который,1,1192.28,651128.9,5,80,40,False,True,True,False,False,True,False
5,играет,1,1300.9299999999998,652602.7,5,40,40,False,True,True,False,False,True,False
5,видит,2,1324.9149999999995,654173.0,5,55,40,False,True,True,False,False,True,False
5,собаку,2,1601.1524999999997,655769.6,5,45,40,False,True,True,False,False,True,False
1,Мальчик,3,3288.9,705949.9,3,50,26,True,False,False,False,True,False,True
1,читает,7,2127.2,709550.3,3,70,26,True,False,False,False,True,False,True
1,книгу,7,2935.2,711983.2,3,60,26,True,False,False,False,True,False,True
2,Книгу,7,1618.7,716260.7,3,60,26,False,True,False,False,True,False,True
2,читает,3,2239.0,718183.4,3,70,26,False,True,False,False,True,False,True
2,мальчик,2,2408.2,720732.6,3,50,26,False,True,False,False,True,False,True
3,Читает,1,1293.5,724878.7,3,70,26,False,True,False,False,True,False,True
3,мальчик,1,2406.5,726483.2,3,50,26,False,True,False,False,True,False,True
3,книгу,1,2091.4,729199.4,3,60,26,False,True,False,False,True,False,True
4,Мальчик,3,1624.6,733776.0,3,50,26,False,True,False,False,True,False,True
4,книгу,5,2376.9,735707.2,3,60,26,False,True,False,False,True,False,True
4,читает,4,2043.5,738392.3,3,70,26,False,True,False,False,True,False,True
5,Мальчик,3,1802.8,741615.7,5,50,26,False,True,False,False,True,True,False
5,который,3,1929.7,743719.5,5,80,26,False,True,False,False,True,True,False
5,играет,2,1851.2,745950.2,5,40,26,False,True,False,False,True,True,False
5,видит,2,1851.8,748109.6,5,55,26,False,True,False,False,True,True,False
5,собаку,3,1603.1,750265.1,5,45,26,False,True,False,False,True,True,False
1,Мальчик,3,3776.3,798862.9,3,50,24,True,False,False,True,False,False,True
1,читает,5,2612.7,802946.3,3,70,24,True,False,False,True,False,False,True
1,книгу,6,2886.9,805862.4,3,60,24,True,False,False,True,False,False,True
2,Книгу,4,2043.2,810960.8,3,60,24,False,True,False,True,False,False,True
2,читает,1,1790.3,813312.5,3,70,24,False,True,False,True,False,False,True
2,мальчик,2,4046.4,815407.3,3,50,24,False,True,False,True,False,False,True
3,Читает,4,2304.3,820526.5,3,70,24,False,True,False,True,False,False,True
3,мальчик,3,2223.5,823141.7,3,50,24,False,True,False,True,False,False,True
3,книгу,2,1745.6,825669.0,3,60,24,False,True,False,True,False,False,True
4,Мальчик,6,2038.9,832141.8,3,50,24,False,True,False,True,False,False,True
4,книгу,5,3792.9,834481.8,3,60,24,False,True,False,True,False,False,True
4,читает,1,4006.6,838578.7,3,70,24,False,True,False,True,False,False,True
5,Мальчик,1,1938.3,844877.4,5,50,24,False,True,False,True,False,True,False
5,который,3,3492.3,847126.0,5,80,24,False,True,False,True,False,True,False
5,играет,2,3394.2,850925.2,5,40,24,False,True,False,True,False,True,False
5,видит,1,3564.4,854627.7,5,55,24,False,True,False,True,False,True,False
5,собаку,3,3786.6,858493.4,5,45,24,False,True,False,True,False,True,False
1,Мальчик,5,3138.3,890509.4,3,50,26,True,False,False,False,True,False,True
1,читает,5,2738.6,893950.4,3,70,26,True,False,False,False,True,False,True
1,книгу,1,2485.8,896991.9,3,60,26,True,False,False,False,True,False,True
2,Книгу,1,1443.4,902286.4,3,60,26,False,True,False,False,True,False,True
2,читает,5,2089.4,904041.9,3,70,26,False,True,False,False,True,False,True
2,мальчик,1,2309.0,906441.4,3,50,26,False,True,False,False,True,False,True
3,Читает,1,1871.0,910409.3,3,70,26,False,True,False,False,True,False,True
3,мальчик,2,3662.7,912591.4,3,50,26,False,True,False,False,True,False,True
3,книгу,1,3013.3,916558.8,3,60,26,False,True,False,False,True,False,True
4,Мальчик,3,1520.5,921910.4,3,50,26,False,True,False,False,True,False,True
4,книгу,3,2742.6,923740.7,3,60,26,False,True,False,False,True,False,True
4,читает,3,4459.8,926790.4,3,70,26,False,True,False,False,True,False,True
5,Мальчик,5,3516.4,932936.4,5,50,26,False,True,False,False,True,True,False
5,который,3,3502.7,936756.7,5,80,26,False,True,False,False,True,True,False
5,играет,5,2980.6,940560.4,5,40,26,False,True,False,False,True,True,False
5,видит,6,2924.8,943843.1,5,55,26,False,True,False,False,True,True,False
5,собаку,2,3741.1,947072.7,5,45,26,False,True,False,False,True,True,False
1,Мальчик,3,2427.9,10711.8,3,50,38,True,False,True,False,False,False,True
1,читает,5,2520.8,13452.2,3,70,38,True,False,True,False,False,False,True
1,книгу,1,3352.2,16279.4,3,60,38,True,False,True,False,False,False,True
2,Книгу,3,1866.525,20980.8,3,60,38,False,True,True,False,False,False,True
2,читает,5,3261.96,23103.8,3,70,38,False,True,True,False,False,False,True
2,мальчик,2,1474.975,26587.6,3,50,38,False,True,True,False,False,False,True
3,Читает,4,2158.24,30202.5,3,70,38,False,True,True,False,False,False,True
3,мальчик,3,4078.7825,32610.0,3,50,38,False,True,True,False,False,False,True
3,книгу,7,3547.6275,36893.1,3,60,38,False,True,True,False,False,False,True
4,Мальчик,4,2928.1174999999994,42324.0,3,50,38,False,True,True,False,False,False,True
4,книгу,2,4622.032499999999,45484.4,3,60,38,False,True,True,False,False,False,True
4,читает,3,3236.5399999999995,50300.6,3,70,38,False,True,True,False,False,False,True
5,Мальчик,3,3868.35,57067.0,5,50,38,False,True,True,False,False,True,False
5,который,7,4666.62,61150.0,5,80,38,False,True,True,False,False,True,False
5,играет,1,2631.585,66004.0,5,40,38,False,True,True,False,False,True,False
5,видит,1,2826.335,68873.8,5,55,38,False,True,True,False,False,True,False
5,собаку,2,3299.3725,71933.0,5,45,38,False,True,True,False,False,True,False
6,Мальчик,3,1637.806,77790.8,7,50,38,False,True,True,False,False,True,False
6,который,3,2874.402,79642.0,7,80,38,False,True,True,False,False,True,False
6,играет,1,3477.224,82659.7,7,40,38,False,True,True,False,False,True,False
6,с,3,5887.240000000001,86241.0,7,90,38,False,True,True,False,False,True,False
6,собакой,1,5434.62,92098.5,7,45,38,False,True,True,False,False,True,False
6,книгу,1,4071.036,97531.8,7,60,38,False,True,True,False,False,True,False
6,читает,4,3282.7140000000004,101679.5,7,70,38,False,True,True,False,False,True,False
7,Собаку,3,4854.8,106581.5,7,45,38,False,True,True,False,False,True,False
7,которую,3,3918.82,111464.7,7,80,38,False,True,True,False,False,True,False
7,видит,2,4974.686000000001,115464.1,7,55,38,False,True,True,False,False,True,False
7,мальчик,6,4507.544,120463.9,7,50,38,False,True,True,False,False,True,False
7,книга,3,4472.352,125027.1,7,60,38,False,True,True,False,False,True,False
7,лежит,5,4978.29,129547.1,7,50,38,False,True,True,False,False,True,False
7,рядом,6,3759.396,134547.0,7,60,38,False,True,True,False,False,True,False
8,Книгу,4,4256.218000000001,140881.3,6,60,38,False,True,True,False,False,True,False
8,которую,6,2716.78,145211.0,6,80,38,False,True,True,False,False,True,False
8,мальчик,3,5410.664,148079.7,6,50,38,False,True,True,False,False,True,False
8,читает,2,4918.506,153495.5,6,70,38,False,True,True,False,False,True,False
8,собака,1,5762.2660000000005,158443.9,6,45,38,False,True,True,False,False,True,False
8,нюхает,2,4377.058,164192.0,6,30,38,False,True,True,False,False,True,False
9,Мальчик,4,2871.54,171184.8,7,50,38,False,True,True,False,False,True,False
9,с,5,4578.034,174195.3,7,90,38,False,True,True,False,False,True,False
9,собакой,1,3825.54,178826.4,7,45,38,False,True,True,False,False,True,False
9,который,2,4694.528,182736.2,7,80,38,False,True,True,False,False,True,False
9,играет,4,2900.4780000000005,187466.2,7,40,38,False,True,True,False,False,True,False
9,книгу,2,3114.492,190507.6,7,60,38,False,True,True,False,False,True,False
9,бросает,6,2380.0180000000005,193754.3,7,35,38,False,True,True,False,False,True,False
10,Читает,2,3725.582,198427.4,6,70,38,False,True,True,False,False,True,False
10,мальчик,4,3549.4100000000003,202243.7,6,50,38,False,True,True,False,False,True,False
10,который,1,3232.7880000000005,205893.7,6,80,38,False,True,True,False,False,True,False
10,собаку,2,2758.1200000000003,209244.7,6,45,38,False,True,True,False,False,True,False
10,гладит,7,4264.168000000001,212150.1,6,40,38,False,True,True,False,False,True,False
10,книгу,4,3415.532,216475.1,6,60,38,False,True,True,False,False,True,False
1,Мальчик,6,3472.9,19879.2,3,50,36,True,False,True,False,False,False,True
1,читает,1,1471.4,23662.1,3,70,36,True,False,True,False,False,False,True
1,книгу,2,2423.8,25445.5,3,60,36,True,False,True,False,False,False,True
2,Книгу,2,3714.805,29208.4,3,60,36,False,True,True,False,False,False,True
2,читает,4,3201.9975,33144.2,3,70,36,False,True,True,False,False,False,True
2,мальчик,1,3488.5875,36575.6,3,50,36,False,True,True,False,False,False,True
3,Читает,6,2516.17,42627.1,3,70,36,False,True,True,False,False,False,True
3,мальчик,3,2275.7049999999995,45394.5,3,50,36,False,True,True,False,False,False,True
3,книгу,2,3026.5174999999995,47926.1,3,60,36,False,True,True,False,False,False,True
4,Мальчик,6,3078.69,52610.0,3,50,36,False,True,True,False,False,False,True
4,книгу,3,2266.7875,55919.0,3,60,36,False,True,True,False,False,False,True
4,читает,7,2665.3075,58435.4,3,70,36,False,True,True,False,False,False,True
5,Мальчик,1,3564.8475,63382.8,5,50,36,False,True,True,False,False,True,False
5,который,2,2048.155,67161.6,5,80,36,False,True,True,False,False,True,False
5,играет,1,2129.5399999999995,69463.1,5,40,36,False,True,True,False,False,True,False
5,видит,4,3460.81,71842.5,5,55,36,False,True,True,False,False,True,False
5,собаку,6,4533.575,75525.6,5,45,36,False,True,True,False,False,True,False
6,Мальчик,2,2713.494,81208.6,7,50,36,False,True,True,False,False,True,False
6,который,1,2062.972,84075.1,7,80,36,False,True,True,False,False,True,False
6,играет,1,2005.308,86325.4,7,40,36,False,True,True,False,False,True,False
6,с,2,3013.156,88521.5,7,90,36,False,True,True,False,False,True,False
6,собакой,7,2495.5580000000004,91671.6,7,45,36,False,True,True,False,False,True,False
6,книгу,5,3267.7680000000005,94326.5,7,60,36,False,True,True,False,False,True,False
6,читает,3,3478.496,97724.3,7,70,36,False,True,True,False,False,True,False
7,Собаку,4,3244.0240000000003,102908.2,7,45,36,False,True,True,False,False,True,False
7,которую,2,4272.860000000001,106270.8,7,80,36,False,True,True,False,False,True,False
7,видит,2,4591.813999999999,110607.3,7,55,36,False,True,True,False,False,True,False
7,мальчик,2,3751.552,115240.8,7,50,36,False,True,True,False,False,True,False
7,книга,3,4352.148,119082.1,7,60,36,False,True,True,False,False,True,False
7,лежит,7,3639.192,123492.2,7,50,36,False,True,True,False,False,True,False
7,рядом,3,4381.298000000001,127236.6,7,60,36,False,True,True,False,False,True,False
8,Книгу,2,4214.030000000001,133672.8,6,60,36,False,True,True,False,False,True,False
8,которую,1,3100.712,137956.6,6,80,36,False,True,True,False,False,True,False
8,мальчик,1,3596.474,141185.4,6,50,36,False,True,True,False,False,True,False
8,читает,2,2628.27,144885.6,6,70,36,False,True,True,False,False,True,False
8,собака,1,3819.498000000001,147672.4,6,45,36,False,True,True,False,False,True,False
8,нюхает,3,2395.706,151586.8,6,30,36,False,True,True,False,False,True,False
9,Мальчик,4,5522.706000000001,155769.6,7,50,36,False,True,True,False,False,True,False
9,с,4,4882.148,161288.9,7,90,36,False,True,True,False,False,True,False
9,собакой,2,1863.056,166205.1,7,45,36,False,True,True,False,False,True,False
9,который,1,4362.536000000001,168273.0,7,80,36,False,True,True,False,False,True,False
9,играет,2,3267.662,172690.6,7,40,36,False,True,True,False,False,True,False
9,книгу,6,2556.614,176073.9,7,60,36,False,True,True,False,False,True,False
9,бросает,1,3083.434,178787.9,7,35,36,False,True,True,False,False,True,False
10,Читает,6,2849.28,184152.5,6,70,36,False,True,True,False,False,True,False
10,мальчик,2,3463.55,187144.5,6,50,36,False,True,True,False,False,True,False
10,который,1,2352.9880000000003,190722.6,6,80,36,False,True,True,False,False,True,False
10,собаку,3,2205.33,193254.4,6,45,36,False,True,True,False,False,True,False
10,гладит,3,2549.83,195637.2,6,40,36,False,True,True,False,False,True,False
10,книгу,2,2111.626,198349.9,6,60,36,False,True,True,False,False,True,False
1,Мальчик,4,4195.8,265075.7,3,50,40,True,False,True,False,False,False,True
1,читает,3,2198.9,269574.3,3,70,40,True,False,True,False,False,False,True
1,книгу,1,2111.5,272074.3,3,60,40,True,False,True,False,False,False,True
2,Книгу,2,1377.0875,282157.3,3,60,40,False,True,True,False,False,False,True
2,читает,1,2604.525,283806.8,3,70,40,False,True,True,False,False,False,True
2,мальчик,2,2283.905,286650.3,3,50,40,False,True,True,False,False,False,True
3,Читает,3,2383.8425,290889.6,3,70,40,False,True,True,False,False,False,True
3,мальчик,3,1778.1699999999998,293517.0,3,50,40,False,True,True,False,False,False,True
3,книгу,2,1931.8175,295555.2,3,60,40,False,True,True,False,False,False,True
4,Мальчик,6,2440.2175,300363.1,3,50,40,False,True,True,False,False,False,True
4,книгу,4,2781.5425,303049.8,3,60,40,False,True,True,False,False,False,True
4,читает,2,2830.845,306072.3,3,70,40,False,True,True,False,False,False,True
5,Мальчик,1,9395.765,310821.8,5,50,40,False,True,True,False,False,True,False
5,который,4,791.0949999999999,320289.0,5,80,40,False,True,True,False,False,True,False
5,играет,5,2349.4025,321372.3,5,40,40,False,True,True,False,False,True,False
5,видит,3,8295.8375,323967.6,5,55,40,False,True,True,False,False,True,False
5,собаку,3,3992.6825,332368.1,5,45,40,False,True,True,False,False,True,False
6,Мальчик,3,6629.558000000001,343105.3,7,50,40,False,True,True,False,False,True,False
6,который,2,2885.002,349665.8,7,80,40,False,True,True,False,False,True,False
6,играет,1,3293.42,352688.7,7,40,40,False,True,True,False,False,True,False
6,с,4,5516.876000000001,356099.3,7,90,40,False,True,True,False,False,True,False
6,собакой,4,2116.7140000000004,361604.3,7,45,40,False,True,True,False,False,True,False
6,книгу,5,3255.79,363903.9,7,60,40,False,True,True,False,False,True,False
6,читает,5,4243.4980000000005,367287.1,7,70,40,False,True,True,False,False,True,False
7,Собаку,2,3233.53,373617.0,7,45,40,False,True,True,False,False,True,False
7,которую,1,3437.686,376970.0,7,80,40,False,True,True,False,False,True,False
7,видит,4,3346.632,380523.0,7,55,40,False,True,True,False,False,True,False
7,мальчик,4,2380.0180000000005,383985.6,7,50,40,False,True,True,False,False,True,False
7,книга,2,2991.956,386532.2,7,60,40,False,True,True,False,False,True,False
7,лежит,7,2225.4700000000003,389664.0,7,50,40,False,True,True,False,False,True,False
7,рядом,1,2373.128,392068.5,7,60,40,False,True,True,False,False,True,False
8,Книгу,6,3370.8,397619.1,6,60,40,False,True,True,False,False,True,False
8,которую,2,3028.7380000000003,401101.7,6,80,40,False,True,True,False,False,True,False
8,мальчик,5,2460.26,404260.1,6,50,40,False,True,True,False,False,True,False
8,читает,3,2727.2740000000003,406884.6,6,70,40,False,True,True,False,False,True,False
8,собака,3,2327.972,409761.9,6,45,40,False,True,True,False,False,True,False
8,нюхает,3,2936.306,412266.1,6,30,40,False,True,True,False,False,True,False
9,Мальчик,4,3296.3880000000004,417784.0,7,50,40,False,True,True,False,False,True,False
9,с,3,2455.702,421201.0,7,90,40,False,True,True,False,False,True,False
9,собакой,3,2370.902,423818.4,7,45,40,False,True,True,False,False,True,False
9,который,2,1666.744,426366.8,7,80,40,False,True,True,False,False,True,False
9,играет,3,5713.400000000001,428250.0,7,40,40,False,True,True,False,False,True,False
9,книгу,1,3388.396,433944.9,7,60,40,False,True,True,False,False,True,False
9,бросает,2,3381.188000000001,437447.0,7,35,40,False,True,True,False,False,True,False
10,Читает,1,3685.302,443499.8,6,70,40,False,True,True,False,False,True,False
10,мальчик,3,3414.79,447282.6,6,50,40,False,True,True,False,False,True,False
10,который,3,3042.5180000000005,450816.0,6,80,40,False,True,True,False,False,True,False
10,собаку,3,3573.5780000000004,453990.1,6,45,40,False,True,True,False,False,True,False
10,гладит,3,3347.798,457662.1,6,40,40,False,True,True,False,False,True,False
10,книгу,1,3048.03,461132.3,6,60,40,False,True,True,False,False,True,False
1,Мальчик,1,2039.5,480981.4,3,50,40,True,False,True,False,False,False,True
1,читает,3,1615.1,483330.1,3,70,40,True,False,True,False,False,False,True
1,книгу,5,1753.1,485247.9,3,60,40,True,False,True,False,False,False,True
2,Книгу,5,2958.4575,488240.2,3,60,40,False,True,True,False,False,False,True
2,читает,3,2274.68,491430.8,3,70,40,False,True,True,False,False,False,True
2,мальчик,1,2236.4475,493951.1,3,50,40,False,True,True,False,False,False,True
3,Читает,1,1695.0424999999998,497349.5,3,70,40,False,True,True,False,False,False,True
3,мальчик,5,2949.745,499305.2,3,50,40,False,True,True,False,False,False,True
3,книгу,2,2233.68,502484.1,3,60,40,False,True,True,False,False,False,True
4,Мальчик,5,1485.1225,505897.1,3,50,40,False,True,True,False,False,False,True
4,книгу,3,2006.335,507647.0,3,60,40,False,True,True,False,False,False,True
4,читает,4,3310.4425,509911.2,3,70,40,False,True,True,False,False,False,True
5,Мальчик,1,3218.7049999999995,517830.3,5,50,40,False,True,True,False,False,True,False
5,который,6,1668.085,521278.2,5,80,40,False,True,True,False,False,True,False
5,играет,3,2302.0475,523212.7,5,40,40,False,True,True,False,False,True,False
5,видит,4,3019.445,525762.8,5,55,40,False,True,True,False,False,True,False
5,собаку,2,1649.225,529012.3,5,45,40,False,True,True,False,False,True,False
6,Мальчик,5,3075.696,532712.6,7,50,40,False,True,True,False,False,True,False
6,который,6,3482.63,535915.3,7,80,40,False,True,True,False,False,True,False
6,играет,5,2726.32,539512.1,7,40,40,False,True,True,False,False,True,False
6,с,4,2506.7940000000003,542395.3,7,90,40,False,True,True,False,False,True,False
6,собакой,7,3437.474,545062.0,7,45,40,False,True,True,False,False,True,False
6,книгу,4,3276.036,548605.6,7,60,40,False,True,True,False,False,True,False
6,читает,3,6174.2880000000005,552002.8,7,70,40,False,True,True,False,False,True,False
7,Собаку,7,2884.26,559337.4,7,45,40,False,True,True,False,False,True,False
7,которую,2,3606.756,562361.4,7,80,40,False,True,True,False,False,True,False
7,видит,5,3737.984,566076.5,7,55,40,False,True,True,False,False,True,False
7,мальчик,2,3023.438000000001,569910.7,7,50,40,False,True,True,False,False,True,False
7,книга,2,3633.574,573063.7,7,60,40,False,True,True,False,False,True,False
7,лежит,1,2955.28,576793.8,7,50,40,False,True,True,False,False,True,False
7,рядом,5,3143.112,579886.0,7,60,40,False,True,True,False,False,True,False
8,Книгу,1,5630.826000000001,586740.0,6,60,40,False,True,True,False,False,True,False
8,которую,2,6230.468000000001,592362.0,6,80,40,False,True,True,False,False,True,False
8,мальчик,2,2784.196,598543.5,6,50,40,False,True,True,False,False,True,False
8,читает,2,2637.81,601477.4,6,70,40,False,True,True,False,False,True,False
8,собака,3,2582.796,604277.3,6,45,40,False,True,True,False,False,True,False
8,нюхает,4,4803.7080000000005,607021.9,6,30,40,False,True,True,False,False,True,False
9,Мальчик,1,2660.494,613503.0,7,50,40,False,True,True,False,False,True,False
9,с,5,3362.108,616314.0,7,90,40,False,True,True,False,False,True,False
9,собакой,1,3626.896,619791.8,7,45,40,False,True,True,False,False,True,False
9,который,1,2574.634,623521.2,7,80,40,False,True,True,False,False,True,False
9,играет,3,2627.846,626258.1,7,40,40,False,True,True,False,False,True,False
9,книгу,1,3169.506,629041.4,7,60,40,False,True,True,False,False,True,False
9,бросает,3,2441.4980000000005,632337.5,7,35,40,False,True,True,False,False,True,False
10,Читает,5,2621.486,636784.9,6,70,40,False,True,True,False,False,True,False
10,мальчик,1,4146.084000000001,639560.6,6,50,40,False,True,True,False,False,True,False
10,который,5,2901.0080000000003,643774.1,6,80,40,False,True,True,False,False,True,False
10,собаку,5,2273.7000000000003,646824.0,6,45,40,False,True,True,False,False,True,False
10,гладит,1,2418.496,649273.9,6,40,40,False,True,True,False,False,True,False
10,книгу,1,2689.2200000000003,651856.9,6,60,40,False,True,True,False,False,True,False
1,Мальчик,6,1638.1,675003.7,3,50,40,True,False,True,False,False,False,True
1,читает,3,1867.1,676942.9,3,70,40,True,False,True,False,False,False,True
1,книгу,5,2598.6,679119.7,3,60,40,True,False,True,False,False,False,True
2,Книгу,4,2929.45,682822.2,3,60,40,False,True,True,False,False,False,True
2,читает,4,3281.3325,685985.2,3,70,40,False,True,True,False,False,False,True
2,мальчик,4,3201.485,689489.4,3,50,40,False,True,True,False,False,False,True
3,Читает,6,1879.44,695005.3,3,70,40,False,True,True,False,False,False,True
3,мальчик,2,3322.7424999999994,697142.2,3,50,40,False,True,True,False,False,False,True
3,книгу,4,3490.945,700688.0,3,60,40,False,True,True,False,False,False,True
4,Мальчик,7,2604.32,705888.8,3,50,40,False,True,True,False,False,False,True
4,читает,1,2189.7075,719706.9,3,70,40,False,True,True,False,False,False,True
5,Мальчик,4,2993.5125,724455.0,5,50,40,False,True,True,False,False,True,False
5,который,2,3075.7175,727679.2,5,80,40,False,True,True,False,False,True,False
5,играет,5,1933.15,730980.9,5,40,40,False,True,True,False,False,True,False
5,видит,1,3670.6275,733170.0,5,55,40,False,True,True,False,False,True,False
5,собаку,1,3472.3924999999995,737052.9,5,45,40,False,True,True,False,False,True,False
6,Мальчик,5,3035.946,742449.1,7,50,40,False,True,True,False,False,True,False
6,который,7,1924.006,745614.9,7,80,40,False,True,True,False,False,True,False
6,играет,3,2984.2180000000003,747735.9,7,40,40,False,True,True,False,False,True,False
6,с,3,3096.472,750852.4,7,90,40,False,True,True,False,False,True,False
6,собакой,2,1988.454,754084.1,7,45,40,False,True,True,False,False,True,False
6,книгу,2,1721.97,756262.4,7,60,40,False,True,True,False,False,True,False
6,читает,1,2084.384,758189.0,7,70,40,False,True,True,False,False,True,False
7,Собаку,3,2344.402,762818.3,7,45,40,False,True,True,False,False,True,False
7,которую,3,2020.042,765335.5,7,80,40,False,True,True,False,False,True,False
7,видит,4,1840.16,767554.8,7,55,40,False,True,True,False,False,True,False
7,мальчик,5,2399.416,769591.7,7,50,40,False,True,True,False,False,True,False
7,книга,2,3373.132,772166.4,7,60,40,False,True,True,False,False,True,False
7,лежит,4,1718.6840000000002,775651.4,7,50,40,False,True,True,False,False,True,False
7,рядом,6,2359.3480000000004,777580.0,7,60,40,False,True,True,False,False,True,False
8,Книгу,2,1788.22,781234.7,6,60,40,False,True,True,False,False,True,False
8,которую,2,2796.916,783227.8,6,80,40,False,True,True,False,False,True,False
8,мальчик,2,3149.5780000000004,786168.7,6,50,40,False,True,True,False,False,True,False
8,читает,2,3080.042,789448.0,6,70,40,False,True,True,False,False,True,False
8,собака,2,3119.5800000000004,792665.6,6,45,40,False,True,True,False,False,True,False
8,нюхает,3,2270.414,795917.4,6,30,40,False,True,True,False,False,True,False
9,Мальчик,5,2071.876,801266.9,7,50,40,False,True,True,False,False,True,False
9,с,2,2983.052,803527.0,7,90,40,False,True,True,False,False,True,False
9,собакой,1,2586.824,806647.4,7,45,40,False,True,True,False,False,True,False
9,который,1,3814.94,809400.3,7,80,40,False,True,True,False,False,True,False
9,играет,5,2813.982,813302.0,7,40,40,False,True,True,False,False,True,False
9,книгу,4,2109.824,816266.3,7,60,40,False,True,True,False,False,True,False
9,бросает,1,2078.554,818564.3,7,35,40,False,True,True,False,False,True,False
10,Читает,3,1577.598,822766.2,6,70,40,False,True,True,False,False,True,False
10,мальчик,4,2494.71,824566.1,6,50,40,False,True,True,False,False,True,False
10,который,6,2542.7280000000005,827220.7,6,80,40,False,True,True,False,False,True,False
10,собаку,2,1739.566,829931.1,6,45,40,False,True,True,False,False,True,False
10,гладит,1,2541.7740000000003,831882.3,6,40,40,False,True,True,False,False,True,False
10,книгу,2,2577.602,834582.2,6,60,40,False,True,True,False,False,True,False
6,Мальчик,5,4923.179640597416,84248.28023769472,7,50,21,False,True,False,True,False,True,False
6,который,6,4605.196719673824,87712.26812131754,7,80,21,False,True,False,True,False,True,False
6,играет,2,4205.374954672679,90024.30540220242,7,40,21,False,True,False,True,False,True,False
6,с,3,4846.823308583783,92140.47262653882,7,90,21,False,True,False,True,False,True,False
6,собакой,7,4704.021425523405,95342.70265002524,7,45,21,False,True,False,True,False,True,False
6,книгу,2,4940.517390243485,97383.87163861684,7,60,21,False,True,False,True,False,True,False
6,читает,4,4256.266365309206,101048.75692021768,7,70,21,False,True,False,True,False,True,False
7,Собаку,2,4230.132132311127,105412.40685463187,7,45,21,False,True,False,True,False,True,False
7,которую,3,4538.447104828387,108020.89134055097,7,80,21,False,True,False,True,False,True,False
7,видит,3,4327.521207398637,110884.7813778352,7,55,21,False,True,False,True,False,True,False
7,мальчик,3,4190.47127283451,114108.48716727996,7,50,21,False,True,False,True,False,True,False
7,книга,3,4395.382367134815,116692.7764643504,7,60,21,False,True,False,True,False,True,False
7,лежит,2,4773.662538046836,119604.91643278448,7,50,21,False,True,False,True,False,True,False
7,рядом,3,4528.943458172108,122004.2639971012,7,60,21,False,True,False,True,False,True,False
8,Книгу,7,4106.432817909191,127189.09313482528,6,60,21,False,True,False,True,False,True,False
8,которую,1,4218.49834426584,130404.18283862816,6,80,21,False,True,False,True,False,True,False
8,мальчик,4,4921.5278645965245,132534.28602459872,6,50,21,False,True,False,True,False,True,False
8,читает,7,4794.63649703949,136465.55009074786,6,70,21,False,True,False,True,False,True,False
8,собака,4,4152.697146353877,139074.7776290946,6,45,21,False,True,False,True,False,True,False
8,нюхает,5,4462.031361655501,142443.24368211892,6,30,21,False,True,False,True,False,True,False
9,Мальчик,3,4511.730368278943,146687.32015180847,7,50,21,False,True,False,True,False,True,False
9,с,5,4885.791948711194,148756.0971940389,7,90,21,False,True,False,True,False,True,False
9,собакой,2,4662.879610948114,151273.65715723895,7,45,21,False,True,False,True,False,True,False
9,который,3,4534.212451240167,153897.07930941778,7,80,21,False,True,False,True,False,True,False
9,играет,6,4231.441748374553,156990.49986810435,7,40,21,False,True,False,True,False,True,False
9,книгу,5,4764.591401695365,160929.66912363347,7,60,21,False,True,False,True,False,True,False
9,бросает,1,4872.7015732469945,164808.66700676185,7,35,21,False,True,False,True,False,True,False
10,Читает,7,4897.130788226288,170004.46696438402,6,70,21,False,True,False,True,False,True,False
10,мальчик,1,4241.493118373255,172181.45196848785,6,50,21,False,True,False,True,False,True,False
10,который,1,4358.3219938044485,174271.90654630892,6,80,21,False,True,False,True,False,True,False
10,собаку,3,4309.565148881402,177049.2611256879,6,45,21,False,True,False,True,False,True,False
10,гладит,6,4386.703788393981,180706.73614399176,6,40,21,False,True,False,True,False,True,False
10,книгу,3,4554.65050904064,183268.60516336653,6,60,21,False,True,False,True,False,True,False
6,Мальчик,2,4418.522227547611,156326.54844994954,7,50,23,False,True,False,True,False,True,False
6,который,2,4572.431385972803,158475.64973730908,7,80,23,False,True,False,True,False,True,False
6,играет,3,3915.618328618325,162020.1392759024,7,40,23,False,True,False,True,False,True,False
6,с,3,4429.575995865695,164031.1835101496,7,90,23,False,True,False,True,False,True,False
6,собакой,5,4357.530375400941,167444.89819784483,7,45,23,False,True,False,True,False,True,False
6,книгу,3,3811.725221986784,170987.4388912167,7,60,23,False,True,False,True,False,True,False
6,читает,3,3846.579090326553,173704.37034830524,7,70,23,False,True,False,True,False,True,False
7,Собаку,1,4269.439014414224,179430.57720005643,7,45,23,False,True,False,True,False,True,False
7,которую,1,3802.986588510655,182092.37324976173,7,80,23,False,True,False,True,False,True,False
7,видит,1,4021.008619211126,184714.33789319303,7,55,23,False,True,False,True,False,True,False
7,мальчик,5,4281.321868064211,188173.5502498692,7,50,23,False,True,False,True,False,True,False
7,книга,2,4143.535641304609,191947.97573502184,7,60,23,False,True,False,True,False,True,False
7,лежит,2,4344.394984494837,194187.1642268985,7,50,23,False,True,False,True,False,True,False
7,рядом,3,4217.75461726817,197708.73432413227,7,60,23,False,True,False,True,False,True,False
8,Книгу,4,4161.51963468311,203250.6686840414,6,60,23,False,True,False,True,False,True,False
8,которую,4,4106.3071771568775,206296.13434280537,6,80,23,False,True,False,True,False,True,False
8,мальчик,1,3839.931025987747,208346.97259629355,6,50,23,False,True,False,True,False,True,False
8,читает,3,4280.365979301738,210409.83096766705,6,70,23,False,True,False,True,False,True,False
8,собака,4,4173.832282633812,213038.54292981967,6,45,23,False,True,False,True,False,True,False
8,нюхает,5,3957.765687654466,216853.67587767183,6,30,23,False,True,False,True,False,True,False
9,Мальчик,2,4379.650474691189,221674.4417237432,7,50,23,False,True,False,True,False,True,False
9,с,2,3814.171284096908,224132.0380547264,7,90,23,False,True,False,True,False,True,False
9,собакой,6,3884.37282507768,226711.54096055392,7,45,23,False,True,False,True,False,True,False
9,который,5,4423.458420865453,230570.93626523903,7,80,23,False,True,False,True,False,True,False
9,играет,1,4476.242225305854,233837.7437782599,7,40,23,False,True,False,True,False,True,False
9,книгу,1,3905.496919731972,237445.0879320581,7,60,23,False,True,False,True,False,True,False
9,бросает,5,4199.475385193506,241230.2059290381,7,35,23,False,True,False,True,False,True,False
10,Читает,2,4496.7679316956455,246845.0862393662,6,70,23,False,True,False,True,False,True,False
10,мальчик,3,3841.7314506820458,249481.09318931,6,50,23,False,True,False,True,False,True,False
10,который,2,4105.946150358228,251936.9635143938,6,80,23,False,True,False,True,False,True,False
10,собаку,1,4467.300502789676,255572.9930462388,6,45,23,False,True,False,True,False,True,False
10,гладит,5,4175.646135635385,257586.8973073012,6,40,23,False,True,False,True,False,True,False
10,книгу,4,3935.1118785620574,260421.7193135988,6,60,23,False,True,False,True,False,True,False
6,Мальчик,4,3290.703868351014,862733.1307346674,7,50,24,False,True,False,True,False,True,False
6,который,3,3280.9001923229644,866618.9501424924,7,80,24,False,True,False,True,False,True,False
6,играет,6,3539.263461126492,869656.5313859791,7,40,24,False,True,False,True,False,True,False
6,с,6,3722.084917548167,872383.7905907377,7,90,24,False,True,False,True,False,True,False
6,собакой,3,3232.317542508744,876308.6851806219,7,45,24,False,True,False,True,False,True,False
6,книгу,5,3265.7142550288213,879303.1821924067,7,60,24,False,True,False,True,False,True,False
6,читает,1,3086.1387065641675,881872.8631811617,7,70,24,False,True,False,True,False,True,False
7,Собаку,1,3402.9856924483647,887091.9918491215,7,45,24,False,True,False,True,False,True,False
7,которую,5,3250.591427424909,889194.9493516214,7,80,24,False,True,False,True,False,True,False
7,видит,2,3224.004823720104,893011.4811235548,7,55,24,False,True,False,True,False,True,False
7,мальчик,2,3393.988756330968,895301.2708677372,7,50,24,False,True,False,True,False,True,False
7,книга,2,3225.7009028209927,899272.5717759584,7,60,24,False,True,False,True,False,True,False
7,лежит,5,3579.1255419206955,902616.84287077,7,50,24,False,True,False,True,False,True,False
7,рядом,3,3556.403548726509,905092.1179587548,7,60,24,False,True,False,True,False,True,False
8,Книгу,2,3491.162081293553,909827.6842241932,6,60,24,False,True,False,True,False,True,False
8,которую,3,3425.4984420806645,913094.7436457152,6,80,24,False,True,False,True,False,True,False
8,мальчик,1,3629.24704404799,915275.323185824,6,50,24,False,True,False,True,False,True,False
8,читает,4,3187.922983711988,917916.8833157674,6,70,24,False,True,False,True,False,True,False
8,собака,2,3462.991682459454,919998.4335988768,6,45,24,False,True,False,True,False,True,False
8,нюхает,5,3072.3305831058065,923353.5623225616,6,30,24,False,True,False,True,False,True,False
9,Мальчик,2,3215.116825151628,928377.74843916,7,50,24,False,True,False,True,False,True,False
9,с,1,3179.65674097921,931668.094019979,7,90,24,False,True,False,True,False,True,False
9,собакой,3,3324.117015908272,935049.969496184,7,45,24,False,True,False,True,False,True,False
9,который,3,3154.593238558947,938923.4294736574,7,80,24,False,True,False,True,False,True,False
9,играет,3,3138.235395949543,941605.562175758,7,40,24,False,True,False,True,False,True,False
9,книгу,7,3657.841887921955,945454.949412315,7,60,24,False,True,False,True,False,True,False
9,бросает,4,3509.989707591287,947970.8326677452,7,35,24,False,True,False,True,False,True,False
10,Читает,1,3438.7127286098007,953605.2770681478,6,70,24,False,True,False,True,False,True,False
10,мальчик,6,3225.562828778657,956664.5782248598,6,50,24,False,True,False,True,False,True,False
10,который,4,3671.362467607947,958850.7837604716,6,80,24,False,True,False,True,False,True,False
10,собаку,1,3491.7032925515487,962651.6198747982,6,45,24,False,True,False,True,False,True,False
10,гладит,1,3298.5907601643034,965329.6794568956,6,40,24,False,True,False,True,False,True,False
10,книгу,4,3671.290704421569,968781.5908146362,6,60,24,False,True,False,True,False,True,False
6,Мальчик,3,4307.556544793183,225863.07284853025,7,50,25,False,True,False,True,False,True,False
6,который,3,3739.944613648076,229147.1361408388,7,80,25,False,True,False,True,False,True,False
6,играет,1,4404.379842902749,231470.393569028,7,40,25,False,True,False,True,False,True,False
6,с,1,3678.8028624448016,234683.2516883472,7,90,25,False,True,False,True,False,True,False
6,собакой,3,4212.613658483449,236886.19477407925,7,45,25,False,True,False,True,False,True,False
6,книгу,2,3802.4938375033416,238896.3179417717,7,60,25,False,True,False,True,False,True,False
6,читает,2,4235.778276298131,241993.78552050487,7,70,25,False,True,False,True,False,True,False
7,Собаку,1,3854.2683452639776,247297.7080395101,7,45,25,False,True,False,True,False,True,False
7,которую,5,3864.8578236227686,250722.06648220515,7,80,25,False,True,False,True,False,True,False
7,видит,6,4280.320282747578,253372.86587852368,7,55,25,False,True,False,True,False,True,False
7,мальчик,1,4364.133607185682,256672.1316766181,7,50,25,False,True,False,True,False,True,False
7,книга,4,4134.9508536158255,259987.3574612188,7,60,25,False,True,False,True,False,True,False
7,лежит,3,3971.298354203155,262174.70699687494,7,50,25,False,True,False,True,False,True,False
7,рядом,5,3870.3570679428462,264705.1117322384,7,60,25,False,True,False,True,False,True,False
8,Книгу,4,3992.006051115603,270651.1328417433,6,60,25,False,True,False,True,False,True,False
8,которую,3,4186.210371567653,274435.2259520975,6,80,25,False,True,False,True,False,True,False
8,мальчик,3,4081.37312413301,278024.8485591808,6,50,25,False,True,False,True,False,True,False
8,читает,3,4073.117269568522,281178.65632843354,6,70,25,False,True,False,True,False,True,False
8,собака,7,4260.70796434078,283569.1423040296,6,45,25,False,True,False,True,False,True,False
8,нюхает,4,3691.137543422625,286130.6870289113,6,30,25,False,True,False,True,False,True,False
9,Мальчик,6,3815.7942441670575,291421.6316207257,7,50,25,False,True,False,True,False,True,False
9,с,4,4449.556723952292,295302.5487894315,7,90,25,False,True,False,True,False,True,False
9,собакой,2,3973.291378037437,299132.2775698724,7,45,25,False,True,False,True,False,True,False
9,который,4,4428.6629388153415,301163.1908029301,7,80,25,False,True,False,True,False,True,False
9,играет,2,4459.9393564061365,304019.55909956474,7,40,25,False,True,False,True,False,True,False
9,книгу,1,4367.222430522798,307946.79905374325,7,60,25,False,True,False,True,False,True,False
9,бросает,2,3985.4792996594174,310535.6968378824,7,35,25,False,True,False,True,False,True,False
10,Читает,3,3929.858522015387,316237.97018091613,6,70,25,False,True,False,True,False,True,False
10,мальчик,3,4125.562654769491,318576.9556742883,6,50,25,False,True,False,True,False,True,False
10,который,3,4239.151465448429,322449.2652226099,6,80,25,False,True,False,True,False,True,False
10,собаку,1,3750.580391776084,325589.3875627887,6,45,25,False,True,False,True,False,True,False
10,гладит,3,4479.029323302413,328819.402016187,6,40,25,False,True,False,True,False,True,False
10,книгу,4,4094.175809679591,331099.5700466601,6,60,25,False,True,False,True,False,True,False
6,Мальчик,3,3263.479025961721,305506.64614385593,7,50,26,False,True,False,True,False,True,False
6,который,1,3239.638863939613,308900.67762584647,7,80,26,False,True,False,True,False,True,False
6,играет,6,2985.017577341943,311619.659928286,7,40,26,False,True,False,True,False,True,False
6,с,1,3306.6607120006734,315238.382239243,7,90,26,False,True,False,True,False,True,False
6,собакой,2,3370.879024482441,318972.52687640325,7,45,26,False,True,False,True,False,True,False
6,книгу,7,3114.4942118646663,321995.2116741251,7,60,26,False,True,False,True,False,True,False
6,читает,1,3206.934039334623,325591.80203205865,7,70,26,False,True,False,True,False,True,False
7,Собаку,5,3297.743053184555,330995.7357865741,7,45,26,False,True,False,True,False,True,False
7,которую,1,3012.6679641230203,334775.7464702092,7,80,26,False,True,False,True,False,True,False
7,видит,7,2860.718493758308,337526.9123754891,7,55,26,False,True,False,True,False,True,False
7,мальчик,2,2824.5766133159696,340683.47265748144,7,50,26,False,True,False,True,False,True,False
7,книга,2,3140.105240478756,343614.6686937464,7,60,26,False,True,False,True,False,True,False
7,лежит,4,3170.112779688929,346187.7511980029,7,50,26,False,True,False,True,False,True,False
7,рядом,3,2825.452090616024,348248.75169788103,7,60,26,False,True,False,True,False,True,False
8,Книгу,7,3026.489314313208,353893.95281920035,6,60,26,False,True,False,True,False,True,False
8,которую,1,3127.401100468728,356148.07384450414,6,80,26,False,True,False,True,False,True,False
8,мальчик,3,2936.58891203256,359688.06095070136,6,50,26,False,True,False,True,False,True,False
8,читает,1,2855.341719926269,362933.84190233937,6,70,26,False,True,False,True,False,True,False
8,собака,2,3133.074842623802,365037.20534467656,6,45,26,False,True,False,True,False,True,False
8,нюхает,1,3199.1289739619488,368118.4755878968,6,30,26,False,True,False,True,False,True,False
9,Мальчик,1,3409.867848402116,373570.6582553421,7,50,26,False,True,False,True,False,True,False
9,с,3,3003.303225265244,376603.2589519445,7,90,26,False,True,False,True,False,True,False
9,собакой,6,2970.8449511834065,380193.6313414819,7,45,26,False,True,False,True,False,True,False
9,который,1,2851.0505732256424,383071.5741828932,7,80,26,False,True,False,True,False,True,False
9,играет,6,3401.6457943040914,385122.275669724,7,40,26,False,True,False,True,False,True,False
9,книгу,6,3235.585097876607,388794.2359107485,7,60,26,False,True,False,True,False,True,False
9,бросает,1,2910.107106051317,391612.14179957705,7,35,26,False,True,False,True,False,True,False
10,Читает,2,2958.023755116076,395925.0158849192,6,70,26,False,True,False,True,False,True,False
10,мальчик,1,3247.1810270245564,399023.4692143315,6,50,26,False,True,False,True,False,True,False
10,который,6,2976.5126369672084,402343.8639677669,6,80,26,False,True,False,True,False,True,False
10,собаку,2,3261.6907889956224,406253.5945290933,6,45,26,False,True,False,True,False,True,False
10,гладит,6,3183.119625887594,409362.3026341161,6,40,26,False,True,False,True,False,True,False
10,книгу,3,2956.459564472266,412201.5027589717,6,60,26,False,True,False,True,False,True,False
6,Мальчик,3,3192.96024934762,951784.6453573024,7,50,26,False,True,False,False,True,True,False
6,который,3,2803.2270514547176,953813.432334562,7,80,26,False,True,False,False,True,True,False
6,играет,5,2757.47259700452,955905.4376186056,7,40,26,False,True,False,False,True,True,False
6,с,1,3160.053061107624,959616.3587866277,7,90,26,False,True,False,False,True,True,False
6,собакой,2,2792.151272520724,962564.7064448022,7,45,26,False,True,False,False,True,True,False
6,книгу,4,3020.266727424692,965547.938195036,7,60,26,False,True,False,False,True,True,False
6,читает,1,2996.2064049082064,967894.341934856,7,70,26,False,True,False,False,True,True,False
7,Собаку,1,3106.729573578026,972691.3514036508,7,45,26,False,True,False,False,True,True,False
7,которую,2,2760.251007635655,975961.538705386,7,80,26,False,True,False,False,True,True,False
7,видит,6,3112.808288935335,978710.7639346388,7,55,26,False,True,False,False,True,True,False
7,мальчик,4,3252.864153804252,981717.0364517992,7,50,26,False,True,False,False,True,True,False
7,книга,1,2831.685058517351,985034.423715037,7,60,26,False,True,False,False,True,True,False
7,лежит,5,3122.8643813125,987175.5612098378,7,50,26,False,True,False,False,True,True,False
7,рядом,2,3088.466061376369,989228.583830921,7,60,26,False,True,False,False,True,True,False
8,Книгу,2,3082.2102731943005,995109.044313771,6,60,26,False,True,False,False,True,True,False
8,которую,1,3123.3920672839863,997885.384166184,6,80,26,False,True,False,False,True,True,False
8,мальчик,6,3064.0786176040974,1000801.889947167,6,50,26,False,True,False,False,True,True,False
8,читает,5,2967.2096080713445,1004684.81956472,6,70,26,False,True,False,False,True,True,False
8,собака,1,3282.536112877416,1008607.200692368,6,45,26,False,True,False,False,True,True,False
8,нюхает,5,2774.8604071094,1010998.7829619464,6,30,26,False,True,False,False,True,True,False
9,Мальчик,1,2743.804665246487,1015200.3389647012,7,50,26,False,True,False,False,True,True,False
9,с,6,3147.512165995343,1017389.2248862132,7,90,26,False,True,False,False,True,True,False
9,собакой,2,2926.445032211854,1019531.6021831336,7,45,26,False,True,False,False,True,True,False
9,который,2,2746.8714725312857,1023221.3528050724,7,80,26,False,True,False,False,True,True,False
9,играет,3,2903.902452302108,1026850.2897702504,7,40,26,False,True,False,False,True,True,False
9,книгу,4,3155.8502943422363,1029086.6194254936,7,60,26,False,True,False,False,True,True,False
9,бросает,3,3265.6061095053124,1032344.5051190534,7,35,26,False,True,False,False,True,True,False
10,Читает,3,3220.673149826436,1037814.6472066612,6,70,26,False,True,False,False,True,True,False
10,мальчик,3,2840.493658095346,1040378.7163518036,6,50,26,False,True,False,False,True,True,False
10,который,3,3222.709835233441,1043879.9458550856,6,80,26,False,True,False,False,True,True,False
10,собаку,1,2983.3115372856123,1047860.9561390867,6,45,26,False,True,False,False,True,True,False
10,гладит,1,3204.2354395389166,1050604.9923106723,6,40,26,False,True,False,False,True,True,False
10,книгу,5,3297.964965158347,1053286.5993911785,6,60,26,False,True,False,False,True,True,False
6,Мальчик,5,2853.8195217325583,419813.22550368606,7,50,28,False,True,False,False,True,True,False
6,который,2,3042.307811403369,423314.9676392691,7,80,28,False,True,False,False,True,True,False
6,играет,5,3128.003577737358,425521.21537694096,7,40,28,False,True,False,False,True,True,False
6,с,2,3083.9453677633505,428531.7201218367,7,90,28,False,True,False,False,True,True,False
6,собакой,6,3123.9334910787475,431171.81932389794,7,45,28,False,True,False,False,True,True,False
6,книгу,3,2611.7127506475026,433950.2226813663,7,60,28,False,True,False,False,True,True,False
6,читает,5,2658.2916261030323,437760.9866342048,7,70,28,False,True,False,False,True,True,False
7,Собаку,7,3155.510668067272,442399.6139093856,7,45,28,False,True,False,False,True,True,False
7,которую,1,2937.450523780527,446300.8282032607,7,80,28,False,True,False,False,True,True,False
7,видит,2,2865.081668677244,449564.50262760033,7,55,28,False,True,False,False,True,True,False
7,мальчик,1,2795.7301361984555,452150.92417099647,7,50,28,False,True,False,False,True,True,False
7,книга,3,3041.052369775911,455495.9610831505,7,60,28,False,True,False,False,True,True,False
7,лежит,1,3062.6159079476765,459079.11917060224,7,50,28,False,True,False,False,True,True,False
7,рядом,5,2891.7004334225903,461261.5313766996,7,60,28,False,True,False,False,True,True,False
8,Книгу,2,2923.6075393668675,465376.6488967329,6,60,28,False,True,False,False,True,True,False
8,которую,3,3119.406371499334,468259.7098994797,6,80,28,False,True,False,False,True,True,False
8,мальчик,7,2673.218086986757,470961.5399245838,6,50,28,False,True,False,False,True,True,False
8,читает,3,3046.3420469176995,473247.5232886895,6,70,28,False,True,False,False,True,True,False
8,собака,3,2663.9865339821654,476483.959415322,6,45,28,False,True,False,False,True,True,False
8,нюхает,1,3011.2893537408168,478652.173027552,6,30,28,False,True,False,False,True,True,False
9,Мальчик,4,3081.2835326602985,482797.6990402804,7,50,28,False,True,False,False,True,True,False
9,с,6,2652.537721378488,486210.18349459337,7,90,28,False,True,False,False,True,True,False
9,собакой,5,3176.688600325998,488379.8589227637,7,45,28,False,True,False,False,True,True,False
9,который,1,2820.0345882901006,491128.400514276,7,80,28,False,True,False,False,True,True,False
9,играет,4,3153.881754274887,494753.9996487909,7,40,28,False,True,False,False,True,True,False
9,книгу,2,3041.633472645972,498726.0017764367,7,60,28,False,True,False,False,True,True,False
9,бросает,1,2653.783662658639,501478.5209474985,7,35,28,False,True,False,False,True,True,False
10,Читает,2,2928.746254618385,507032.8147793534,6,70,28,False,True,False,False,True,True,False
10,мальчик,3,3130.2045812793385,509881.2587978473,6,50,28,False,True,False,False,True,True,False
10,который,4,2890.6610371579686,512103.6537624597,6,80,28,False,True,False,False,True,True,False
10,собаку,1,2876.7859441977403,514126.3610519945,6,45,28,False,True,False,False,True,True,False
10,гладит,4,2674.2318338319697,516238.96760335815,6,40,28,False,True,False,False,True,True,False
10,книгу,2,2981.321705823032,518474.02009691234,6,60,28,False,True,False,False,True,True,False
6,Мальчик,2,2777.4174756399366,492366.28975853085,7,50,30,False,True,False,False,True,True,False
6,который,3,2663.4996130943364,496290.63485547993,7,80,30,False,True,False,False,True,True,False
6,играет,2,2933.2597589059114,498862.0590280437,7,40,30,False,True,False,False,True,True,False
6,с,3,2984.959473830801,501309.25070508255,7,90,30,False,True,False,False,True,True,False
6,собакой,1,2988.5962921362634,503333.5596544622,7,45,30,False,True,False,False,True,True,False
6,книгу,3,2945.5771929178018,505419.8794783634,7,60,30,False,True,False,False,True,True,False
6,читает,3,3001.209851736009,508475.281696536,7,70,30,False,True,False,False,True,True,False
7,Собаку,3,2761.2915484729165,512622.8748260068,7,45,30,False,True,False,False,True,True,False
7,которую,6,2744.4870476519145,516561.47989724495,7,80,30,False,True,False,False,True,True,False
7,видит,2,2838.818876746068,519820.27717351547,7,55,30,False,True,False,False,True,True,False
7,мальчик,2,2801.561341913002,522729.359303051,7,50,30,False,True,False,False,True,True,False
7,книга,4,2951.0490661291974,525897.9879268972,7,60,30,False,True,False,False,True,True,False
7,лежит,5,2612.1911131723514,527988.8806875802,7,50,30,False,True,False,False,True,True,False
7,рядом,5,2945.096750501345,531889.7036557334,7,60,30,False,True,False,False,True,True,False
8,Книгу,1,2797.504255911658,536801.0171613048,6,60,30,False,True,False,False,True,True,False
8,которую,7,2561.4646976502145,539355.7795272671,6,80,30,False,True,False,False,True,True,False
8,мальчик,6,2651.74255822417,542283.176337147,6,50,30,False,True,False,False,True,True,False
8,читает,3,2501.1524378963245,545450.4885608488,6,70,30,False,True,False,False,True,True,False
8,собака,5,2997.519617577852,549399.2781761811,6,45,30,False,True,False,False,True,True,False
8,нюхает,2,2751.5890944070825,552795.6016042206,6,30,30,False,True,False,False,True,True,False
9,Мальчик,5,2903.3162518203526,557414.6568367932,7,50,30,False,True,False,False,True,True,False
9,с,7,2547.529870047462,560784.119181901,7,90,30,False,True,False,False,True,True,False
9,собакой,1,2908.0927700425577,564605.9735508887,7,45,30,False,True,False,False,True,True,False
9,который,5,2855.1941352444765,568505.5733774726,7,80,30,False,True,False,False,True,True,False
9,играет,5,2687.197169764429,571732.4037693442,7,40,30,False,True,False,False,True,True,False
9,книгу,2,2931.874571923562,575597.8607360523,7,60,30,False,True,False,False,True,True,False
9,бросает,1,2473.086513503777,577688.2980762647,7,35,30,False,True,False,False,True,True,False
10,Читает,3,2901.5450792205947,582441.2248100208,6,70,30,False,True,False,False,True,True,False
10,мальчик,4,2540.8640882096643,586415.7770686507,6,50,30,False,True,False,False,True,True,False
10,который,4,2666.788932366404,589604.038499355,6,80,30,False,True,False,False,True,True,False
10,собаку,2,2918.791679237996,593543.8672949842,6,45,30,False,True,False,False,True,True,False
10,гладит,1,2714.761775273921,597220.5247044065,6,40,30,False,True,False,False,True,True,False
10,книгу,5,2608.0626514748246,600050.1637090818,6,60,30,False,True,False,False,True,True,False
6,Мальчик,5,2703.55506034716,171476.05099330185,7,50,31,False,True,False,False,True,True,False
6,который,3,2771.58602128315,175101.853011562,7,80,31,False,True,False,False,True,True,False
6,играет,2,2547.6878412974675,179095.1266857098,7,40,31,False,True,False,False,True,True,False
6,с,3,2743.892956433688,182633.10151607083,7,90,31,False,True,False,False,True,True,False
6,собакой,3,2392.4289242823456,186332.39629742564,7,45,31,False,True,False,False,True,True,False
6,книгу,6,2332.867664761245,189233.48456804585,7,60,31,False,True,False,False,True,True,False
6,читает,4,2573.259770736302,193141.58662256328,7,70,31,False,True,False,False,True,True,False
7,Собаку,3,2606.2816629267422,197598.8722335702,7,45,31,False,True,False,False,True,True,False
7,которую,2,2448.274016650281,200835.128714486,7,80,31,False,True,False,False,True,True,False
7,видит,3,2606.2174148629088,203062.24389888527,7,55,31,False,True,False,False,True,True,False
7,мальчик,2,2656.9880169062108,206102.8593006929,7,50,31,False,True,False,False,True,True,False
7,книга,3,2697.2350783944285,209143.18630291685,7,60,31,False,True,False,False,True,True,False
7,лежит,3,2550.462727318041,212246.99998046583,7,50,31,False,True,False,False,True,True,False
7,рядом,6,2471.1131325174574,216000.30718578253,7,60,31,False,True,False,False,True,True,False
8,Книгу,1,2282.2827469977133,220268.33764268385,6,60,31,False,True,False,False,True,True,False
8,которую,1,2580.3830705903097,223778.61215403103,6,80,31,False,True,False,False,True,True,False
8,мальчик,2,2375.1011169709127,227186.7716902295,6,50,31,False,True,False,False,True,True,False
8,читает,5,2275.107492990129,229459.51464140305,6,70,31,False,True,False,False,True,True,False
8,собака,4,2565.067072241005,232160.68975901624,6,45,31,False,True,False,False,True,True,False
8,нюхает,3,2488.243449438812,234945.1778492157,6,30,31,False,True,False,False,True,True,False
9,Мальчик,1,2443.2812515596725,240753.4952382032,7,50,31,False,True,False,False,True,True,False
9,с,5,2662.700105962707,243781.4742165228,7,90,31,False,True,False,False,True,True,False
9,собакой,1,2581.2786658318573,246574.55978116536,7,45,31,False,True,False,False,True,True,False
9,который,1,2746.289188004643,250299.2871986589,7,80,31,False,True,False,False,True,True,False
9,играет,7,2734.7320896527103,252593.4341605169,7,40,31,False,True,False,False,True,True,False
9,книгу,6,2397.920114429893,255577.66674667603,7,60,31,False,True,False,False,True,True,False
9,бросает,1,2761.6657043346613,258495.9382591525,7,35,31,False,True,False,False,True,True,False
10,Читает,6,2433.452271255356,263481.17444713827,6,70,31,False,True,False,False,True,True,False
10,мальчик,2,2388.7992286706417,266747.9761557717,6,50,31,False,True,False,False,True,True,False
10,который,3,2332.7267131847047,268899.702811989,6,80,31,False,True,False,False,True,True,False
10,собаку,3,2344.329153537137,271155.79448990454,6,45,31,False,True,False,False,True,True,False
10,гладит,6,2590.746912168427,273433.44883520337,6,40,31,False,True,False,False,True,True,False
10,книгу,2,2441.976934831431,275797.20900400163,6,60,31,False,True,False,False,True,True,False
6,Мальчик,7,3500.0,374932.976819812,7,50,32,False,True,False,False,True,True,False
6,который,2,3301.884533171403,378268.09229685407,7,80,32,False,True,False,False,True,True,False
6,играет,1,3208.989166950528,380652.6703344714,7,40,32,False,True,False,False,True,True,False
6,с,3,3376.984873844699,382990.5404606157,7,90,32,False,True,False,False,True,True,False
6,собакой,4,3242.7929468022944,385344.5614291692,7,45,32,False,True,False,False,True,True,False
6,книгу,7,3500.0,387585.8331713704,7,60,32,False,True,False,False,True,True,False
6,читает,2,3437.5337866659816,389998.500608182,7,70,32,False,True,False,False,True,True,False
7,Собаку,1,3500.0,395005.3351498917,7,45,32,False,True,False,False,True,True,False
7,которую,5,3500.0,397083.95942957385,7,80,32,False,True,False,False,True,True,False
7,видит,5,3237.886039343368,400339.7602085557,7,55,32,False,True,False,False,True,True,False
7,мальчик,5,3500.0,404086.9174567692,7,50,32,False,True,False,False,True,True,False
7,книга,1,3375.774531295737,406209.0733764789,7,60,32,False,True,False,False,True,True,False
7,лежит,2,3500.0,409821.475936065,7,50,32,False,True,False,False,True,True,False
7,рядом,1,3328.0528989184145,412190.5179747778,7,60,32,False,True,False,False,True,True,False
8,Книгу,5,3500.0,416931.46218036057,6,60,32,False,True,False,False,True,True,False
8,которую,6,3440.815501295747,420167.9717234212,6,80,32,False,True,False,False,True,True,False
8,мальчик,2,3500.0,423093.0411556875,6,50,32,False,True,False,False,True,True,False
8,читает,2,3358.5025156606434,425166.4075614687,6,70,32,False,True,False,False,True,True,False
8,собака,7,3500.0,428593.10673323774,6,45,32,False,True,False,False,True,True,False
8,нюхает,1,3500.0,431616.4616174691,6,30,32,False,True,False,False,True,True,False
9,Мальчик,2,3496.289813957888,435830.80564014864,7,50,32,False,True,False,False,True,True,False
9,с,1,3351.4593256959297,438896.0401730587,7,90,32,False,True,False,False,True,True,False
9,собакой,2,3446.7308715949043,441434.5266349575,7,45,32,False,True,False,False,True,True,False
9,который,2,3407.718018773476,443474.6690305129,7,80,32,False,True,False,False,True,True,False
9,играет,2,3411.547000309022,445897.565044506,7,40,32,False,True,False,False,True,True,False
9,книгу,1,3500.0,448137.08930814447,7,60,32,False,True,False,False,True,True,False
9,бросает,1,3500.0,451324.27421525255,7,35,32,False,True,False,False,True,True,False
10,Читает,3,3500.0,456902.6166924672,6,70,32,False,True,False,False,True,True,False
10,мальчик,7,3500.0,459076.4572686421,6,50,32,False,True,False,False,True,True,False
10,который,3,3500.0,462250.13950468384,6,80,32,False,True,False,False,True,True,False
10,собаку,6,3270.267500730779,465113.4585971432,6,45,32,False,True,False,False,True,True,False
10,гладит,6,3436.6945458913297,467681.0104087406,6,40,32,False,True,False,False,True,True,False
10,книгу,1,3500.0,470972.8448914038,6,60,32,False,True,False,False,True,True,False
6,Мальчик,4,1852.723470271252,222543.7934517957,7,50,35,False,True,True,False,False,True,False
6,который,6,1599.6986908908943,225755.34309050947,7,80,35,False,True,True,False,False,True,False
6,играет,1,1571.2088530018002,227958.90803575027,7,40,35,False,True,True,False,False,True,False
6,с,3,1573.8503177574682,230450.8234925193,7,90,35,False,True,True,False,False,True,False
6,собакой,1,1615.8632072463563,232823.9575406219,7,45,35,False,True,True,False,False,True,False
6,книгу,1,1822.416144373876,235170.70473121144,7,60,35,False,True,True,False,False,True,False
6,читает,5,1696.7108913348952,237331.1722225347,7,70,35,False,True,True,False,False,True,False
7,Собаку,3,1851.326584519091,242151.965876514,7,45,35,False,True,True,False,False,True,False
7,которую,5,1653.9409098239264,244376.0436808501,7,80,35,False,True,True,False,False,True,False
7,видит,1,1811.8606312519369,248314.98454740085,7,55,35,False,True,True,False,False,True,False
7,мальчик,5,1606.680713933201,251949.1286892994,7,50,35,False,True,True,False,False,True,False
7,книга,2,1745.3822998339574,254290.9038640796,7,60,35,False,True,True,False,False,True,False
7,лежит,2,1707.6017965218946,258149.6558423347,7,50,35,False,True,True,False,False,True,False
7,рядом,4,1614.1355765262126,261292.8812212745,7,60,35,False,True,True,False,False,True,False
8,Книгу,3,1582.7525424359449,266831.8670876584,6,60,35,False,True,True,False,False,True,False
8,которую,3,1663.254593735334,269479.2255604669,6,80,35,False,True,True,False,False,True,False
8,мальчик,5,1601.44890125316,272494.44631783577,6,50,35,False,True,True,False,False,True,False
8,читает,6,1725.7886419532572,274724.1199673142,6,70,35,False,True,True,False,False,True,False
8,собака,1,1715.8667904805534,277301.3810737947,6,45,35,False,True,True,False,False,True,False
8,нюхает,3,1682.0649824031818,279610.1065043431,6,30,35,False,True,True,False,False,True,False
9,Мальчик,3,1537.0904694121298,284675.28536944627,7,50,35,False,True,True,False,False,True,False
9,с,7,1564.9804026013344,287348.49392583413,7,90,35,False,True,True,False,False,True,False
9,собакой,3,1853.8867955652445,289475.24386677967,7,45,35,False,True,True,False,False,True,False
9,который,2,1793.0742126694563,292119.9515567291,7,80,35,False,True,True,False,False,True,False
9,играет,4,1749.7247832949356,294629.2328662566,7,40,35,False,True,True,False,False,True,False
9,книгу,1,1720.7296549161238,298149.688586036,7,60,35,False,True,True,False,False,True,False
9,бросает,3,1658.663565344375,301092.8409631363,7,35,35,False,True,True,False,False,True,False
10,Читает,3,1833.4800181741552,305790.5774962223,6,70,35,False,True,True,False,False,True,False
10,мальчик,4,1845.467143335354,309451.8163117977,6,50,35,False,True,True,False,False,True,False
10,который,6,1766.39460599702,311700.4107587688,6,80,35,False,True,True,False,False,True,False
10,собаку,4,1580.7903520186185,315577.09167241084,6,45,35,False,True,True,False,False,True,False
10,гладит,3,1769.856966969926,317710.0842071444,6,40,35,False,True,True,False,False,True,False
10,книгу,3,1803.864766629004,320859.0304335042,6,60,35,False,True,True,False,False,True,False
6,Мальчик,5,2951.500805531922,287821.14475325256,7,50,38,False,True,False,True,False,True,False
6,который,7,2599.4503131622205,290224.399393348,7,80,38,False,True,False,True,False,True,False
6,играет,3,2962.262458911264,292552.93098921,7,40,38,False,True,False,True,False,True,False
6,с,3,2799.7796474297947,295883.3254306024,7,90,38,False,True,False,True,False,True,False
6,собакой,5,2997.169131040935,298600.9863988494,7,45,38,False,True,False,True,False,True,False
6,книгу,2,2963.391006370053,301385.87661369465,7,60,38,False,True,False,True,False,True,False
6,читает,2,2718.33404514686,304264.14643083507,7,70,38,False,True,False,True,False,True,False
7,Собаку,3,2676.2144059316897,309189.5060021743,7,45,38,False,True,False,True,False,True,False
7,которую,2,2788.439637058234,312684.7247625268,7,80,38,False,True,False,True,False,True,False
7,видит,6,3009.6400736664555,315149.15015282045,7,55,38,False,True,False,True,False,True,False
7,мальчик,4,2811.1990303077346,317916.9325955669,7,50,38,False,True,False,True,False,True,False
7,книга,1,2856.171687273189,321729.876817496,7,60,38,False,True,False,True,False,True,False
7,лежит,2,3032.0790149429235,323963.67289891274,7,50,38,False,True,False,True,False,True,False
7,рядом,2,2694.902254390436,327219.0890050556,7,60,38,False,True,False,True,False,True,False
8,Книгу,1,2950.808465446362,331497.6331503824,6,60,38,False,True,False,True,False,True,False
8,которую,2,2805.574032930859,334737.7786622394,6,80,38,False,True,False,True,False,True,False
8,мальчик,1,2947.782993712649,338525.5638283413,6,50,38,False,True,False,True,False,True,False
8,читает,2,2681.9801008508666,340828.9135878068,6,70,38,False,True,False,True,False,True,False
8,собака,5,2922.895256303525,343325.8918674357,6,45,38,False,True,False,True,False,True,False
8,нюхает,6,2825.878772038772,345392.95673690725,6,30,38,False,True,False,True,False,True,False
9,Мальчик,5,2996.926722191237,350917.8741083886,7,50,38,False,True,False,True,False,True,False
9,с,3,2965.987229012176,353602.03760582046,7,90,38,False,True,False,True,False,True,False
9,собакой,2,2980.030528477682,355823.30107973085,7,45,38,False,True,False,True,False,True,False
9,который,6,2729.6728440198945,358078.2784043948,7,80,38,False,True,False,True,False,True,False
9,играет,4,2591.792675270321,361672.8691359539,7,40,38,False,True,False,True,False,True,False
9,книгу,5,2910.803507082914,364131.3719264192,7,60,38,False,True,False,True,False,True,False
9,бросает,1,2865.596859639895,367571.44499951135,7,35,38,False,True,False,True,False,True,False
10,Читает,5,2810.7372829471533,372959.3418884456,6,70,38,False,True,False,True,False,True,False
10,мальчик,7,2700.916646107185,375462.9400062595,6,50,38,False,True,False,True,False,True,False
10,который,7,3014.587413312092,377826.1354398623,6,80,38,False,True,False,True,False,True,False
10,собаку,6,2731.659433315664,380992.9190293946,6,45,38,False,True,False,True,False,True,False
10,гладит,1,3036.23220848842,383916.9306366829,6,40,38,False,True,False,True,False,True,False
10,книгу,2,2834.9865195087395,386223.633442915,6,60,38,False,True,False,True,False,True,False
